<?xml version="1.0" encoding="UTF-8"?>
<!DOCTYPE suite SYSTEM "http://testng.org/testng-1.0.dtd">
<suite name="Suite">
<listeners>
        <!--listener class-name="resources.EnsembleExtentReporterNG"/-->
        <listener class-name="report.CrisExtentReporterNG"/>
    </listeners>
  <test name="RxProductInfo">
    <classes>
      <!--class name="rxmicro.cris.CrisProductInfo"/-->
      <class name="rxmicro.cris.CrisRxTicketInfo"/>
    </classes>
  </test> <!-- Test -->
</suite> <!-- Suite -->
