<?xml version="1.0" encoding="UTF-8"?>
<!DOCTYPE suite SYSTEM "http://testng.org/testng-1.0.dtd">
<suite name="Suite">
<listeners>
        <listener class-name="report.EnsembleExtentReporterNG"/>
        <!-- listener class-name="resources.CrisExtentReporterNG"/ -->
    </listeners>
  <test name="RxProductInfo">
    <classes>
      <class name="rxmicro.ensemble.EnsembleProductInfo"/>
      <!--  class name="rxmicro.ensemble.EnsembleRxTicketInfo"/-->
      <!--  class name="rxmicro.cris.CrisProductInfo"/-->
        <!-- class name="rxmicro.ensemble.EnsembleRxOutageInfo"/-->
    </classes>
  </test> <!-- Test -->
</suite> <!-- Suite -->
